{
  "project_info": {
    "project_number": "739782179091",
    "firebase_url": "https://fyp01-8d888.firebaseio.com",
    "project_id": "fyp01-8d888",
    "storage_bucket": "fyp01-8d888.appspot.com"
  },
  "client": [
    {
      "client_info": {
        "mobilesdk_app_id": "1:739782179091:android:3e2f487516da6d2cf4c2e6",
        "android_client_info": {
          "package_name": "com.fyp.fyp01"
        }
      },
      "oauth_client": [
        {
          "client_id": "739782179091-qpgre26kvaful8ladkp23i3c13h76lvd.apps.googleusercontent.com",
          "client_type": 3
        }
      ],
      "api_key": [
        {
          "current_key": "AIzaSyDU4kael_M6E3w5o_y1Rt4NSmX469Co5Zo"
        }
      ],
      "services": {
        "appinvite_service": {
          "other_platform_oauth_client": [
            {
              "client_id": "739782179091-qpgre26kvaful8ladkp23i3c13h76lvd.apps.googleusercontent.com",
              "client_type": 3
            }
          ]
        }
      }
    }
  ],
  "configuration_version": "1"
}